image16_training.jpg,768,959
image46_training.jpg,901,900
image29_training.jpg,116,402
image29_training.jpg,127,346
image29_training.jpg,104,336
image29_training.jpg,58,313
image29_training.jpg,643,525
image29_training.jpg,59,232
image29_training.jpg,74,349
image29_training.jpg,100,262
image29_training.jpg,126,389
image29_training.jpg,111,366
image29_training.jpg,113,346
image29_training.jpg,25,270
image29_training.jpg,107,262
image29_training.jpg,31,243
image29_training.jpg,110,306
image29_training.jpg,105,392
image29_training.jpg,94,323
image29_training.jpg,135,376
image29_training.jpg,612,498
image29_training.jpg,107,358
image29_training.jpg,131,360
image29_training.jpg,28,263
image23_training.jpg,847,509
image23_training.jpg,370,607
image23_training.jpg,685,599
image23_training.jpg,71,329
image23_training.jpg,698,439
image23_training.jpg,377,621
image23_training.jpg,65,358
image23_training.jpg,460,888
image23_training.jpg,352,580
image23_training.jpg,839,514
image23_training.jpg,351,591
image23_training.jpg,331,568
image23_training.jpg,864,511
image23_training.jpg,336,582
image23_training.jpg,77,303
image23_training.jpg,713,433
image23_training.jpg,87,344
image23_training.jpg,624,805
image23_training.jpg,594,306
image23_training.jpg,90,367
image23_training.jpg,375,632
image23_training.jpg,325,582
image23_training.jpg,58,338
image23_training.jpg,71,312
image23_training.jpg,691,786
image23_training.jpg,694,623
image23_training.jpg,687,613
image23_training.jpg,626,476
image23_training.jpg,451,873
image23_training.jpg,677,309
image23_training.jpg,626,487
image38_training.jpg,351,237
image38_training.jpg,382,74
image38_training.jpg,355,243
image38_training.jpg,347,244
image38_training.jpg,430,276
image38_training.jpg,396,376
image21_training.jpg,601,714
image21_training.jpg,816,693
image36_training.jpg,970,827
image36_training.jpg,956,827
image36_training.jpg,960,454
image5_training.jpg,691,811
image5_training.jpg,767,767
image5_training.jpg,746,758
image5_training.jpg,776,767
image49_training.jpg,173,538
image49_training.jpg,184,855
image49_training.jpg,399,503
image49_training.jpg,151,492
image49_training.jpg,194,807
image49_training.jpg,283,842
image49_training.jpg,502,619
image49_training.jpg,199,813
image49_training.jpg,431,768
image49_training.jpg,618,506
image49_training.jpg,691,555
image49_training.jpg,308,836
image49_training.jpg,633,520
image49_training.jpg,234,1092
image49_training.jpg,106,774
image49_training.jpg,542,704
image49_training.jpg,190,474
image49_training.jpg,181,1072
image49_training.jpg,291,1005
image49_training.jpg,194,485
image49_training.jpg,259,1164
image49_training.jpg,580,725
image49_training.jpg,654,1061
image49_training.jpg,256,1147
image49_training.jpg,173,549
image49_training.jpg,262,749
image14_training.jpg,284,1059
image14_training.jpg,292,1066
image8_training.jpg,206,455
image8_training.jpg,178,458
image8_training.jpg,231,472
image8_training.jpg,199,451
image3_training.jpg,53,687
image3_training.jpg,1284,714
image3_training.jpg,1236,666
image3_training.jpg,1103,1167
image3_training.jpg,1243,671
image3_training.jpg,1257,1002
image3_training.jpg,1078,1144
image3_training.jpg,1281,703
image3_training.jpg,1094,1153
image3_training.jpg,1111,1157
image3_training.jpg,623,1121
image41_training.jpg,217,200
image34_training.jpg,678,218
image34_training.jpg,151,22
image34_training.jpg,170,414
image34_training.jpg,71,336
image34_training.jpg,299,203
image34_training.jpg,425,333
image34_training.jpg,401,416
image34_training.jpg,394,407
image34_training.jpg,435,227
image34_training.jpg,151,429
image34_training.jpg,559,299
image34_training.jpg,400,200
image34_training.jpg,278,204
image34_training.jpg,687,217
image34_training.jpg,411,415
image34_training.jpg,554,280
image34_training.jpg,406,333
image34_training.jpg,610,293
image34_training.jpg,549,272
image34_training.jpg,571,183
image34_training.jpg,545,283
image34_training.jpg,234,239
image34_training.jpg,161,22
image34_training.jpg,486,420
image34_training.jpg,425,276
image30_training.jpg,697,410
image30_training.jpg,1154,1005
image30_training.jpg,629,403
image13_training.jpg,385,331
image13_training.jpg,119,210
image39_training.jpg,342,185
image39_training.jpg,161,253
image39_training.jpg,352,141
image39_training.jpg,353,149
image39_training.jpg,368,141
image39_training.jpg,362,186
image39_training.jpg,154,257
image39_training.jpg,396,144
image39_training.jpg,408,333
image22_training.jpg,311,1204
image22_training.jpg,283,1195
image22_training.jpg,191,1119
image26_training.jpg,428,356
image26_training.jpg,395,361
image26_training.jpg,413,343
image26_training.jpg,648,274
image26_training.jpg,549,325
image26_training.jpg,388,344
image26_training.jpg,430,651
image26_training.jpg,406,348
image26_training.jpg,570,323
image26_training.jpg,562,649
image26_training.jpg,639,513
image26_training.jpg,558,662
image48_training.jpg,397,249
image48_training.jpg,216,217
image48_training.jpg,320,273
image48_training.jpg,313,237
image37_training.jpg,1146,736
image37_training.jpg,977,605
image37_training.jpg,1094,588
image37_training.jpg,902,1011
image37_training.jpg,1142,1001
image37_training.jpg,820,852
image37_training.jpg,853,616
image37_training.jpg,796,841
image37_training.jpg,864,601
image37_training.jpg,977,623
image37_training.jpg,591,980
image37_training.jpg,960,563
image37_training.jpg,846,604
image2_training.jpg,605,141
image2_training.jpg,116,96
image2_training.jpg,84,313
image2_training.jpg,85,320
image2_training.jpg,74,144
image42_training.jpg,409,244
image42_training.jpg,617,211
image33_training.jpg,327,184
image33_training.jpg,255,98
image27_training.jpg,148,453
image27_training.jpg,404,350
image27_training.jpg,393,262
image27_training.jpg,394,279
image18_training.jpg,683,834
image18_training.jpg,582,809
image18_training.jpg,1299,780
image18_training.jpg,1186,952
image18_training.jpg,1060,729
image18_training.jpg,1098,728
image18_training.jpg,1207,471
image18_training.jpg,1177,644
image18_training.jpg,1328,503
image18_training.jpg,1106,776
image18_training.jpg,355,399
image18_training.jpg,908,182
image18_training.jpg,891,184
image18_training.jpg,897,405
image18_training.jpg,902,384
image18_training.jpg,1188,940
image18_training.jpg,1030,841
image18_training.jpg,900,779
image18_training.jpg,883,473
image18_training.jpg,1236,449
image18_training.jpg,895,258
image18_training.jpg,952,1103
image18_training.jpg,1030,830
image18_training.jpg,784,517
image18_training.jpg,866,644
image18_training.jpg,812,398
image18_training.jpg,1156,689
image18_training.jpg,884,452
image18_training.jpg,209,582
image18_training.jpg,873,593
image18_training.jpg,863,449
image18_training.jpg,725,963
image18_training.jpg,169,539
image18_training.jpg,158,620
image18_training.jpg,965,169
image18_training.jpg,877,432
image18_training.jpg,226,833
image18_training.jpg,134,517
image18_training.jpg,924,177
image18_training.jpg,155,539
image18_training.jpg,916,780
image4_training.jpg,401,466
image4_training.jpg,376,459
image4_training.jpg,369,396
image4_training.jpg,388,474
image43_training.jpg,432,883
image43_training.jpg,420,881
image32_training.jpg,933,838
image32_training.jpg,163,810
image32_training.jpg,1229,576
image32_training.jpg,311,704
image32_training.jpg,949,860
image32_training.jpg,176,586
image32_training.jpg,256,657
image32_training.jpg,1214,579
image32_training.jpg,1349,667
image32_training.jpg,181,703
image32_training.jpg,53,875
image32_training.jpg,57,775
image32_training.jpg,192,711
image32_training.jpg,185,810
image32_training.jpg,39,874
image1_training.jpg,536,247
image11_training.jpg,462,462
image11_training.jpg,506,300
image11_training.jpg,504,476
image11_training.jpg,485,256
image11_training.jpg,314,375
image11_training.jpg,501,273
image11_training.jpg,110,479
image11_training.jpg,442,332
image11_training.jpg,512,473
image11_training.jpg,139,282
image11_training.jpg,288,344
image11_training.jpg,343,217
image11_training.jpg,560,258
image11_training.jpg,76,373
image11_training.jpg,467,258
image11_training.jpg,281,362
image11_training.jpg,321,210
image11_training.jpg,257,106
image11_training.jpg,306,364
image11_training.jpg,238,469
image11_training.jpg,248,438
image11_training.jpg,111,412
image11_training.jpg,256,164
image11_training.jpg,473,469
image11_training.jpg,198,346
image11_training.jpg,267,353
image11_training.jpg,318,91
image11_training.jpg,492,332
image11_training.jpg,334,84
image11_training.jpg,436,336
image40_training.jpg,631,686
image40_training.jpg,647,647
image40_training.jpg,492,820
image40_training.jpg,614,639
image40_training.jpg,675,693
image40_training.jpg,139,549
image40_training.jpg,507,820
image40_training.jpg,635,949
image40_training.jpg,625,883
image40_training.jpg,638,639
image40_training.jpg,576,664
image40_training.jpg,574,646
image12_training.jpg,167,204
image12_training.jpg,174,196
image12_training.jpg,541,406
image12_training.jpg,253,349
image12_training.jpg,329,177
image12_training.jpg,209,412
image12_training.jpg,151,511
image12_training.jpg,481,496
image12_training.jpg,203,412
image12_training.jpg,414,548
image12_training.jpg,163,226
image12_training.jpg,407,521
image12_training.jpg,165,531
image12_training.jpg,163,516
image12_training.jpg,539,419
image12_training.jpg,346,185
image12_training.jpg,220,201
image12_training.jpg,140,518
image12_training.jpg,319,197
image47_training.jpg,653,1211
image47_training.jpg,636,1170
image47_training.jpg,636,1181
image47_training.jpg,653,1192
image47_training.jpg,611,1214
image47_training.jpg,644,1175
image10_training.jpg,259,18
image24_training.jpg,383,1165
image24_training.jpg,364,1098
image24_training.jpg,390,1174
image28_training.jpg,771,686
image28_training.jpg,329,224
image28_training.jpg,580,585
image28_training.jpg,259,698
